{"Q2l92/L0KEHNSWHNG8gzTg==":"diamond-storage-home-feature-sm-e1481542554468-663x561.jpg","Snne8xohGFpOUIT7wAiHww==":"diamond-storage-home-feature-sm-e1481542554468-663x561.jpeg","LjNWErr1FMhwriqoXBfpzw==":"diamond-storage-home-feature-sm-e1481542554468-1-663x561.jpeg","4hxpTql3Tr7WehYVR1WOXA==":"diamond-storage-home-feature-sm-e1481542554468-2-663x561.jpeg","gIhSz5qYGUMl9VyvnRdewQ==":"diamond_storage_logo-128x23.png","8BpgL3aO+mJJbJdo9nXrFg==":"diamond_storage_logo-1-128x23.png","mjVgLwpIFKRLWFLokDJv6w==":"diamond_storage_logo-167x83.png","1vD7GEsIU8TV3SgNUe3BoQ==":"mbr-1920x1280.jpg","9P5Clywx+q3OGk97xSMNMw==":"diamond-storage-home-feature-sm-e1481542554468-3-663x561.jpeg","To7PaGj9hie8UN4tqe8UGQ==":"dsc-304-2000x1339.jpg"}